Brain-Stem,Thalamus,Cerebellum-Cortex,Cerebral-White-Matter,Cerebellum-White-Matter,Putamen,VentralDC,Pallidum,Caudate,Lateral-Ventricle,Hippocampus,3rd-Ventricle,4th-Ventricle,Amygdala,Cerebral-Cortex,CSF,choroid-plexus
0.9129120323739098,0.8427764658641597,0.8682165482285182,0.8263656520974088,0.7718692876720421,0.7539548421976111,0.8174426824383882,0.646747208513025,0.8334772587929653,0.8739286351597378,0.7907199763729269,0.7826086930744114,0.8040918726035672,0.7874795042936328,0.732036299525338,0.6903379969602663,0.3469728604580503
0.9154662278967833,0.8796043063358037,0.8846125783371264,0.8237422631824016,0.8154614838780263,0.7803980611845296,0.8279018260053573,0.7753539021674694,0.812783249149485,0.8505257489318578,0.8064587766851166,0.7898982785342045,0.7096774178184079,0.7913777623517437,0.7274196002830295,0.6590742077183166,0.4369202147913604
0.9142438220301391,0.8749676191020206,0.8968720289028588,0.8124688120025321,0.8001561977988497,0.7525291166503758,0.7979587387291637,0.7349333258403057,0.7907084877924815,0.8632687344856065,0.7621134418925415,0.7523510945581641,0.8096568220078675,0.7497560114258348,0.7144527752225824,0.6748113522284895,0.316133934918957
0.8934240361151213,0.8813007084946709,0.8560148440373627,0.7784802166702126,0.7596938891222351,0.7761837660033934,0.8240671321612087,0.7218651766176069,0.7253572773790224,0.8697908497292606,0.8121483125124412,0.776785711973852,0.7917855090477552,0.7597545938004486,0.6924575964909734,0.711806734563434,0.5054577550237673
0.9159860829672246,0.868764765111889,0.8698311165345942,0.8296756582331506,0.7998518654560611,0.7944494402972525,0.8338406470852858,0.7788892218199311,0.758971819854761,0.7582264970007491,0.7863782153635279,0.7365632069017289,0.7378892717606201,0.8011151840196995,0.7247785617606912,0.6688405772868095,0.2566352757099413
0.9064768783472557,0.8585460425427736,0.8813001506708951,0.8192892084275973,0.788403328211526,0.7603348804655821,0.7805499658321591,0.7701886971072063,0.7662016965764119,0.8445744483058096,0.7707676142328673,0.7483824559727446,0.7650092825149386,0.7580418998326266,0.7175289768627203,0.6550549009653355,0.23767019496240288
0.8907264552434048,0.8601804710024781,0.8855081846810888,0.8058862193105265,0.783146110348282,0.7510220293034093,0.7612139129886504,0.7202678907571625,0.8160296982929023,0.8642454584275814,0.7673365582250609,0.7154753618477606,0.7649869661924698,0.7863038326238863,0.7021128888862997,0.5623543107157508,0.26964441413506524
0.9018282546811027,0.8708015072792812,0.8907797491980025,0.8227530286654754,0.8291129661275761,0.794287406261454,0.8076654369713158,0.7755806734905688,0.7556136469351915,0.8279892423608285,0.803262194941921,0.7753086392405338,0.7724021860067266,0.796187431603162,0.7244474900284503,0.7197358741022161,0.48140016133620345
0.9109778260794297,0.8741025654993233,0.8790514312257851,0.8189250431765536,0.8244253326673008,0.7737697380159918,0.8234940874429708,0.7992888029603534,0.8432884482956704,0.8755054775591733,0.8085962008080325,0.7645803671245364,0.7825367250516517,0.7963317973324848,0.6908073242143784,0.6932952899668499,0.5099868798517442
0.8843360709597496,0.8707335406371464,0.8657695607277267,0.8097089454529844,0.7024260221600199,0.6854112133287196,0.7485633809045881,0.7291992310697808,0.7112088737912421,0.8024326690521384,0.7564646619317543,0.6527162951600953,0.7440644723501101,0.7610700288904391,0.7063164338164127,0.6427771532557777,0.19513966352203166
0.9142103264030126,0.8563902985305563,0.8784180884486088,0.7933465808341805,0.8049360946949982,0.7703256795426314,0.8273673821420529,0.7442448590271615,0.7943577323744995,0.8777544786487379,0.8195613004056415,0.8073047833523148,0.7665742895617688,0.7719591699626343,0.6829738720163516,0.7124227841028731,0.4612507858964033
0.9106727909734895,0.8245518812507269,0.8778857153627577,0.8177416008582501,0.7888829408331366,0.7592034915871086,0.8051221857107327,0.7003420025706011,0.7677566377543424,0.8506292965362612,0.791337777016016,0.7752771220178799,0.7786355084943971,0.7537841549109885,0.7280188657891448,0.6991571978777676,0.2814085898016938
0.9092747865347758,0.8723098849712939,0.8677382987208756,0.7947869805849211,0.7696285540474701,0.7647051124609963,0.8306803037417791,0.7659160096365477,0.7816402198597907,0.8888788571806933,0.8183344487221358,0.7744755222188942,0.7756332915648708,0.7914333324215747,0.6938505673182288,0.6518032765514646,0.5062352126094252
0.9129924865470052,0.8795118663067298,0.872791955123932,0.8207355052778943,0.7901061353733146,0.7725849982168029,0.8366509364435221,0.7862421973084512,0.8314649535637973,0.8897587723298981,0.8208417084114996,0.7802018860950768,0.7457260317123436,0.8115492802446137,0.7286749765874468,0.7038227913403973,0.4926514402574782
0.9015867157008142,0.8348915718832055,0.8645567524701732,0.8066282662204003,0.8056281765010219,0.794057077884581,0.7954363939434882,0.7607533452319593,0.7457088898887622,0.860052557941351,0.7875682421813642,0.7787246524280791,0.7821462473273576,0.794660120379273,0.6988951602173434,0.6699416620511462,0.43224635504365483
0.9098012749454258,0.8328540297333884,0.8909434129881146,0.8096073963165913,0.7928936631923766,0.7047373408281605,0.7904435290611005,0.7131385926960001,0.7382901544514414,0.8694333404466381,0.7871066069687331,0.796059110686177,0.7820939682166224,0.7832251233834687,0.7300250479074424,0.7056686020869599,0.3479324523918581
0.9232025845528101,0.8722361569667098,0.8896601996322897,0.8181336172354698,0.8302500430779673,0.772767813193633,0.8138340466470368,0.7952378123690196,0.8342054910938765,0.8843317206502825,0.8152124838123278,0.7787056340337312,0.7944617769218765,0.7973194053578871,0.7223391791817275,0.7008546984586164,0.44718877787079814
0.9093672738926165,0.8852085853299678,0.8755684851323438,0.8198737265419048,0.812955161588939,0.7471587290683743,0.8315992376222023,0.7620905300242888,0.8181588272075989,0.8891257706957143,0.8283979539723787,0.790697671791702,0.7679829225870162,0.7975610308152359,0.7197109233809567,0.6987341750040057,0.5202987136273143
0.9107336729825858,0.8776124141300772,0.8867637493186095,0.8232659999843348,0.8164762451823631,0.7597790467784089,0.8282861855258137,0.7745189638055394,0.8302729740964369,0.8890074367351158,0.8085980751251773,0.810648915771551,0.7816091938261561,0.794357122904928,0.7242204307194577,0.7299593619137075,0.39485195576988585
0.9215232863168834,0.8738990426673028,0.8853239751481405,0.8239712709654703,0.8050445452973585,0.7720555644259721,0.8336345616024149,0.7571427791088241,0.8289836726949523,0.88054336913809,0.8011936636416535,0.7832495786155792,0.7505989964047071,0.7793873441798009,0.7191171372850882,0.7480045581603779,0.38616145267085517
0.9062471007836712,0.870808364003377,0.8519321514883023,0.7920551666445412,0.7506974095594067,0.7364582640184728,0.816840400045755,0.7242778063457849,0.7755174525434161,0.8580163183664776,0.7366389887482194,0.7782312898699616,0.74626199342499,0.7628351299380972,0.7040215143213071,0.6463506371469125,0.22221594001354295
0.8840501423279284,0.850418283507306,0.8536682168007366,0.8112868151631755,0.734171962151206,0.7079221600991263,0.7966095953598007,0.6992989758874457,0.7590965472951332,0.8849940060308928,0.7987054335320787,0.7828176606103404,0.7881070351078157,0.7484510386015621,0.701522041640723,0.691576530017776,0.443242193292844
0.916361526861407,0.8402341011038911,0.897946003549883,0.8243854340617938,0.8258691004283985,0.8175404472662572,0.797839323914953,0.8075171593098971,0.8261983210659238,0.8647565035595627,0.8177075760198627,0.7921169714173014,0.7900441573865031,0.7947125841849636,0.7296018389547463,0.6830963643504064,0.444703112004444
0.8760895256175044,0.8118085626382057,0.8541919917133363,0.8117284034452236,0.6824017850278736,0.7563605966690456,0.7201397824069624,0.6711193440403185,0.8345444508083373,0.869955563079228,0.7355885101116375,0.745504838362708,0.7210144911208911,0.7715337853591798,0.708695456708436,0.46978508098663696,0.3015537087125241
0.9172915946258072,0.8649656528142703,0.885570500875308,0.8246029804131925,0.827573420620688,0.7380227845174103,0.8268404597568886,0.7633436752452685,0.760898413006375,0.8302600633413575,0.8049576272505273,0.7484706702106129,0.7785714270266441,0.7839118143770261,0.7352273451604125,0.7066290525154123,0.3753272320424935
0.9132768566213983,0.8876601008328249,0.8788306969028986,0.8231503135789919,0.8185197914227454,0.7906085232554967,0.8271654820362011,0.7789904066045779,0.8321213490444684,0.8922784429921952,0.8141054473912611,0.7759999974133333,0.7790525522223306,0.8020043900474794,0.7058406968248189,0.7197070548611616,0.4835132399304456
0.9086723497520462,0.8477595168884721,0.8898297471337014,0.8099949503619813,0.7989799165144402,0.7338191085016281,0.7916111935672525,0.7571474711359558,0.7713573557801836,0.8798573903354912,0.8042333619017732,0.7791765880259387,0.7698381350773034,0.7889282533726871,0.7111215419417766,0.7006931294874192,0.42709143288547435
0.9114899104558205,0.8801001151440823,0.8782493778002676,0.8160363990993893,0.785740117093513,0.7974501140740435,0.8294268696337828,0.782417095755832,0.8241578745440312,0.8867854781863515,0.8048991316583658,0.7710039406399637,0.7653018134966193,0.7747000737097798,0.7269037045885451,0.6772585648683533,0.42957245342903533
0.9138232482716301,0.8739450579499993,0.8732564479486801,0.7934016647881911,0.7928837852346731,0.7475299464013473,0.8217229901749907,0.7238377930104337,0.7885971577904753,0.8874454017276086,0.8090429421534824,0.7406759885178438,0.8052141512007186,0.7828334027545131,0.6975747345696508,0.6851448125657277,0.49847950710477296
0.909186675703951,0.8487407815459194,0.8771193891490319,0.8060369738367943,0.7686123494084361,0.7270470406909794,0.8221796172636902,0.7437919831244866,0.7478906270783585,0.8224744268096413,0.7752024241229791,0.7587188585098973,0.7583037377098314,0.7538380994874132,0.7037295816129836,0.6928059983197886,0.2971207858909235
0.9143563544795469,0.8658641063906078,0.8736922015154255,0.8154228110063051,0.7770353750637654,0.7342603798030007,0.8218092035272269,0.7888070753313374,0.8294094772006244,0.873793932638065,0.7891696003583271,0.7448789543952367,0.7605979914794225,0.7688015109245854,0.7193999905094021,0.6757201618283121,0.3069054890285529
0.9160138057824259,0.8758122930334895,0.8804102639038035,0.8291801835703354,0.8077323171370745,0.812175258342577,0.8387154954358016,0.7751244051228592,0.811855188583406,0.8882782197574982,0.8089573761914443,0.7976766673195331,0.7950089110813846,0.8087930381050185,0.732684296080247,0.7307553280420841,0.47099589535885084
0.9293583008983858,0.8254730269270117,0.8943289393826466,0.8174980966654718,0.8019470883488679,0.7235103777372441,0.8203859188973486,0.7601999398788821,0.8112007404889053,0.8745386474214286,0.773508598809757,0.7652284239681839,0.7859143641738409,0.7598546053326801,0.7274633305617687,0.6897865827370938,0.32569997907292736
0.9199656687551468,0.8769426375021243,0.8796157329113535,0.8194478005954376,0.7835622007364769,0.7599123147211719,0.8219018601464909,0.7622510207876954,0.7714364606022521,0.8520977392540596,0.799022393278795,0.7563559295326414,0.757158468290364,0.8076019740357339,0.7002660604136526,0.6952236516481286,0.3734308466556595
0.8933411015668349,0.8675454962934525,0.8622061453068777,0.8258309679789863,0.748914374827052,0.8098010797955977,0.8210495016732438,0.7950876617755971,0.8401398560200914,0.889737971388894,0.8039737294790461,0.7520055781234545,0.8002357085047423,0.8021444566514946,0.7167338532875358,0.6659003805904199,0.4090176926899822
0.9164333246815459,0.8721653669931884,0.8721069750481243,0.8171532572704565,0.8133499507029243,0.7802980214431072,0.8036836721810274,0.8005077391742186,0.8164286867221242,0.8903851948508459,0.8294523548822342,0.8002636756748066,0.7455515997652322,0.8054335476144143,0.7279731441385238,0.6601235890217244,0.5100077900896434
0.9134539874512018,0.8618628833433657,0.8714423139596217,0.8239640324196217,0.7899890961760418,0.7874048810425054,0.8141528936535736,0.771848092896481,0.8334744617236228,0.8740725241158138,0.812969951057287,0.7700680245916053,0.7577989584969693,0.7895442796426853,0.7299316461879564,0.7232549957093827,0.41757629248888706
0.9127249704417608,0.8644546757014909,0.8706464060519145,0.8211536687068626,0.7770404371869493,0.7457480507976708,0.8148107987582626,0.7499177754622494,0.8045132618380338,0.8750502382670444,0.8129005222047176,0.8102872384425943,0.7740849794402924,0.7924169768531444,0.7164437690327439,0.7336398983599579,0.3713046544051571
0.9200035831013161,0.8679914887939434,0.8906407939599117,0.8229142395402691,0.8271252143402963,0.7895654535192456,0.8204047891733035,0.789226349707531,0.8103330974852843,0.8403170193170861,0.7816464028957109,0.7586206870392389,0.7852684128479642,0.7948688887004777,0.7285039554060251,0.6877499066239552,0.3592237610082414
0.9097201873517212,0.8777233369938156,0.8796194339204871,0.8264764188118734,0.8099804857077408,0.8049669685695415,0.8110186215321502,0.7841251867955349,0.812466861957983,0.8542704049334937,0.7869425554384966,0.7387518115429905,0.7761771645319777,0.7770672239305556,0.7283260709646471,0.6930199405519233,0.29371343968822117
0.9080685662721424,0.8283175866764378,0.8758142109267932,0.8015560129324275,0.7890541471532587,0.6665733727911902,0.7810415849698836,0.6458594252850168,0.7499285090626214,0.7547044022475464,0.782654987391644,0.7426253659932692,0.7996845410100857,0.7599672422905692,0.6916556340765372,0.6303901415797736,0.2585653834744597
0.8960489865694617,0.8623451609271522,0.8764581448863695,0.8106991467171971,0.7587099689039117,0.7312547013865629,0.7878569424117976,0.7092591239512198,0.8041420665483413,0.8873571010601751,0.7779006460044545,0.7663074283428604,0.774946002645905,0.7986185436178022,0.7062442820516344,0.725229823884134,0.3268977785416194
0.9088147583935959,0.8686575356240436,0.8773941241056296,0.8259225148019111,0.8055879628448863,0.7785179746786293,0.82303112188105,0.7815843021555827,0.8137756731845232,0.8529662778484783,0.8125746267555803,0.7872009916520627,0.7585487890772544,0.8040211962883632,0.728950222487577,0.7191489336200392,0.3631124098085309
0.8872196547741681,0.8452224114030491,0.8328889757364867,0.8100422390368514,0.7136838964018529,0.7416285837152112,0.8012300232106192,0.6829875718631961,0.6981403434629372,0.7975410085676073,0.7649747021414169,0.7228826124707183,0.7264089813724703,0.736868669996002,0.7142183193506659,0.6805555529299554,0.26628334390192476
0.909028727606554,0.8143826988777911,0.8800263680261725,0.7945857835722947,0.7709089317140612,0.6946187832759356,0.8193525821678659,0.6767012651544653,0.789699142365473,0.8746861038461303,0.7939736308359976,0.7532542645263111,0.7540983590708316,0.7450285927902454,0.709401071862291,0.6826420869964912,0.3522524276380622
0.8915996671487663,0.8598647414035041,0.8695676143359576,0.8184215097586092,0.7796080254178295,0.7578231204942836,0.7840408810773585,0.7312970052831989,0.7893340538871189,0.8591155920144158,0.7582604463670191,0.7417127046211577,0.664913956345808,0.7718578316949716,0.719301503488445,0.6366366345123903,0.4320034373572207
0.9162354461484412,0.8610345250454361,0.8598949633989257,0.7960176506532297,0.7722041487333284,0.7329419546705729,0.8149418246771425,0.7407748009955517,0.7555296838067523,0.8773148506672721,0.8211653500871063,0.7386077698109931,0.7572815517270928,0.789450601614715,0.671689444132481,0.6905354897554935,0.5098644006655525
0.9129200620981741,0.8573043107808037,0.8853493090379059,0.816626306479277,0.8380863989253133,0.780254201211046,0.8294836022922227,0.7895003398486526,0.814351557862272,0.8945480647159267,0.8140454506093382,0.7760351293098019,0.7403218774677646,0.8082766861975075,0.7168326633759143,0.7098078843619552,0.527069665650645
0.9222478269452109,0.8673138224492749,0.8898254411573703,0.827013750278912,0.8052595976272322,0.7813566760026472,0.8306031657708239,0.7803706771651481,0.8331292010871985,0.8913575854571576,0.8060694831700268,0.7625994669675084,0.7652933816785407,0.7935243827777834,0.7338794991956048,0.6842105236283954,0.4150805298266005
0.9170657100090917,0.8409792901767489,0.8654311304711115,0.809633061632486,0.7832959734921673,0.7422316341670548,0.8223016783691596,0.7674511330905867,0.7322690562641544,0.8783654337870885,0.8058372810873033,0.7862833363828079,0.7406937378580928,0.7647434845703484,0.683782928991729,0.6983930757157197,0.48843523650311993
0.9220415229444558,0.8479158474695114,0.880433214075636,0.7981461763193498,0.8059174554597971,0.7244524629910651,0.8205926176674341,0.6953164681924415,0.7392276744807076,0.8810812873774699,0.807963152310023,0.8010269550673076,0.7502634336137758,0.7777529219365056,0.7012970901848745,0.7053231916814854,0.3898695127486963
0.9126422525327104,0.8551073553314884,0.8831819308597251,0.8136658831450228,0.8168182412906306,0.7869832095650664,0.814999274452,0.7760926259554264,0.8088058398565166,0.8897091211748545,0.8209766580467409,0.7701473792093214,0.7708464592084721,0.8001561354853407,0.6982894033626241,0.6759289154251085,0.5122770491102598
0.920993309242215,0.8741191784382392,0.8587948192827415,0.8232775895637188,0.7572840152868145,0.7884093009994814,0.8402388884233176,0.7605895858607141,0.8008002824516647,0.8343537277733366,0.7993881740206528,0.791521887451279,0.7678758633510676,0.7750467440476239,0.7172314374145268,0.6818923300085956,0.2949886256714575
0.8892858470303885,0.8665885706836327,0.8618229000631552,0.7750398391359945,0.7478748295614992,0.7098051731891418,0.7876032925336021,0.7903238956759238,0.7480253495861005,0.8759502078520764,0.8121508977582094,0.7586974651859241,0.7161975064231715,0.7906261189063686,0.6811643146594378,0.6335048581089054,0.5102593362226133
0.9105586641756611,0.8802078390282746,0.8763097824612254,0.7925655785047381,0.8274358804585181,0.7832206086757549,0.8116575210588095,0.7858154696875698,0.8006208945143671,0.8804434161386947,0.794922490435648,0.7707969727434643,0.7817200139187813,0.793626138343972,0.6607595907937094,0.6925465817001658,0.39777974464039034
0.9076017867817524,0.8476922010344208,0.8489931641617456,0.8061178124528927,0.7416562466616715,0.7722980019605858,0.8254987546344082,0.7275521862129605,0.8063563880789678,0.886817127242367,0.8005470336922145,0.7813283183542346,0.7306654659832161,0.7459502315822815,0.7111185586382467,0.7203958970647016,0.3901601806835776
0.9080093554378516,0.8682118514287184,0.8750230185165893,0.8073883265378194,0.807049942533185,0.7971512372259892,0.819607552087095,0.7957933232207558,0.8115120287507032,0.8904848979372111,0.8229368507069015,0.8127025249102315,0.7874821010687624,0.7890189529193591,0.7073400669586827,0.6470189679979031,0.46375757628672715
0.901079037000631,0.8703876179290927,0.8668497712731946,0.8076626517124386,0.7417569411268905,0.7421946360841205,0.8287934376826475,0.7479905781851677,0.7920628198739371,0.8887331465302668,0.8124032551214051,0.7780366030680977,0.7281840949460376,0.7799367899095531,0.7130319788672972,0.7127247066876111,0.44853838495162407
0.9224953423187194,0.8851187836197933,0.8649792737314174,0.8155502618650916,0.8045865553221535,0.7947161646407714,0.8288623617174689,0.7988496907192013,0.830596586788998,0.8889587881400618,0.8079882254090416,0.7904230869451522,0.7731164367013775,0.8093671245533017,0.703844283342586,0.7234195376313953,0.4341223476850353
0.924129195526259,0.880625183077953,0.8850450802281882,0.8229072247201608,0.8280183803488993,0.7571694537880505,0.8299735766703225,0.7847331460943732,0.8238860619368289,0.8728220218763705,0.814287356842888,0.7720866250529851,0.7600685502140777,0.7984980247276944,0.7229711388497078,0.72536530264007,0.36166485568400597
0.9163047261318553,0.8871640964728467,0.8770408049638534,0.8104609174851776,0.8006461796537728,0.7259139900119267,0.8189835535704004,0.7784918305770057,0.825153296415968,0.8875649865371324,0.8134334705122569,0.7908196695382961,0.7360202558851652,0.8087453484302979,0.7060273493668758,0.7290850810641328,0.5429461283618143
0.9057439292748735,0.8544788568619249,0.8463532148629532,0.8179328234683758,0.7282786599276841,0.7247952623122921,0.8062104426054757,0.747135741371039,0.7826661707017344,0.8671790383493153,0.7971801193187648,0.7890222957494947,0.7674914659396513,0.7661354664337576,0.7251920981022366,0.7238234194679919,0.33075722202946345
0.907669584475725,0.8757764747799345,0.87753920830954,0.8161411304651313,0.7876942146581933,0.7407892799393963,0.8169065437751564,0.7121446349883338,0.8070311211065762,0.8761475723552039,0.7791100054759691,0.7060109263897598,0.7531562891746707,0.7582851073889916,0.7160332110761405,0.6245224014431316,0.31873355621265165
0.9123766408488226,0.8640223872127358,0.8858446758538915,0.8242721332109513,0.8140601468371853,0.7690659934335955,0.812513308401221,0.7735427773873707,0.7882922740277059,0.8734623114308859,0.7954074098889167,0.792066932779464,0.7786259525920654,0.7908932848905477,0.7290558189398167,0.7162066499780373,0.4343693679774436
0.9204241150538423,0.873587285451789,0.8805383833683658,0.8229500696463143,0.8106358362544217,0.7568622391926918,0.8245616841553888,0.7868605033343374,0.8111478166568465,0.8674449972814187,0.8068552893117491,0.7680412342855624,0.7191011219465694,0.8009139813873567,0.7301162903127023,0.7153671433937655,0.34232028975772166
0.885969270239034,0.8373443255232895,0.8489149032176193,0.8061482823645371,0.7326517538070638,0.735504580620117,0.7602532510626001,0.7275572389979073,0.7539127662971439,0.7956890418179416,0.7767595733132008,0.7003533544157124,0.7396242884674,0.7805780707026277,0.7064752932423115,0.5452106237048279,0.19636525908177757
0.9186012661162576,0.8860051477087154,0.8875201214309282,0.8271224614184671,0.8209046710301803,0.7672441790780422,0.830374770063343,0.7551571808793579,0.8268646242395195,0.8774163161092571,0.8088045643387893,0.8002462271460565,0.7964843734443665,0.7922296779831137,0.7372285147441906,0.7241379284334125,0.4429756386170727
0.9151626537557135,0.8953300921024092,0.8681928893755592,0.8233599168395207,0.7991155177180631,0.7607843090180981,0.8319603750695374,0.7735539302526663,0.8331335502396324,0.8904540552549767,0.8308868276011611,0.7973421900420524,0.8091245841116698,0.8035260277181919,0.7245863271759416,0.7079463339939926,0.4734940193841466
0.9141037700061321,0.879646446087697,0.879858848882406,0.8228165866335492,0.8105265169302109,0.8007197186962765,0.820754662872395,0.7747909904679734,0.819981748907084,0.8762215484517075,0.7952224312640633,0.7637630635408952,0.783463775268987,0.7932259987059399,0.7156919369694525,0.5781249978492373,0.3954027390644877
0.9157460839212702,0.878097636839023,0.8812019862582119,0.8280131149391536,0.8217396490119584,0.75109377618716,0.8156626606737483,0.7768367652013799,0.8056343682564957,0.858160746812243,0.8044296677282554,0.7689556481797007,0.761739128778828,0.8074372111228374,0.7295495494632169,0.7020408137215554,0.43181243256264545
0.9162924082541903,0.8858543128359959,0.869017171050807,0.790142452726982,0.7727062704337384,0.739622489426556,0.8177360629916006,0.7274012392903035,0.7588366329860468,0.8735592130956872,0.8193475566078332,0.7795880701518965,0.7917081905686503,0.758753740576912,0.6625394592607127,0.6860139836153357,0.4603505268220427
0.9127954358575032,0.8418020678804641,0.8768748586537665,0.7994322128055193,0.7976407404960686,0.74356028913353,0.8050907538529875,0.7828693746599209,0.7874519270371778,0.8793726315940468,0.788559261919185,0.741975306351928,0.788901385847579,0.7495758128641865,0.7057246957089889,0.6378881967767447,0.4009748992880371
0.9168792897335538,0.85571479788514,0.877494074330724,0.8044161711445118,0.7816433134875757,0.7015668020917829,0.8172223985488889,0.783486268950921,0.8090386239142211,0.8864275499487428,0.809804662324001,0.7965649961606011,0.7978971947081441,0.7889930234044282,0.6942459572581048,0.6863110753960795,0.4286586688330628
0.908822824537143,0.8962193116966235,0.8618906644010061,0.8210442880932236,0.7728521825102619,0.7991416378899951,0.8240335713883692,0.7685619925089451,0.8191232609789362,0.8866762119352396,0.7962495588802857,0.804532575371317,0.7786227275483255,0.7814988104942278,0.7332933175134979,0.7086230851577778,0.47970119909532016
0.9148924583147485,0.8614259429269071,0.8794939308070946,0.8101232707320761,0.8085925697532583,0.7510494713436464,0.8264885573751749,0.7317654629822792,0.8041914722803392,0.8568019360787082,0.7930898999745943,0.7751536694430485,0.7852812026232884,0.7958950094721817,0.6966638996345882,0.6754863786946055,0.18532700899932658
0.9248606226829905,0.8441812540973028,0.8828676322826715,0.8126914234596132,0.7697486281889437,0.7133959734511702,0.840272498624387,0.6574286811690971,0.7792777056817131,0.8824266449262487,0.8114450491427534,0.7535959951419762,0.7687322787186467,0.7716466604229348,0.7059837000467406,0.716694212506796,0.4150110204487706
0.9179180266742984,0.8682563589009148,0.8736687187647734,0.8158494338237496,0.8106480690655504,0.7899140348769075,0.8175138069726835,0.7981459066386987,0.8114760412628004,0.8288965976026073,0.8074422945479836,0.7900976262548897,0.7482993180858036,0.7895161965871029,0.6983170132737214,0.7109317655505071,0.2945412215168487
0.89187958680558,0.8410793270437112,0.8643627069452857,0.8101280672050344,0.746754129744033,0.6956548203577558,0.726731181079217,0.5943867115382844,0.8085268698108816,0.8962739096451229,0.7925952764065647,0.7679999975424,0.7132739302872426,0.781154742878386,0.7158366375801023,0.6922600597762846,0.44859934756541486
0.91223679182541,0.8581678787759002,0.8768709331515161,0.8153532445980518,0.7517715215553091,0.7581210406759116,0.8245183828821656,0.7494932851171057,0.8065825256377411,0.8651155445582936,0.7867894284771506,0.7747451470741692,0.757031083195113,0.7781271523078919,0.7193815818862599,0.6982507263183282,0.304309674002745
0.9120919606307397,0.899903467911706,0.8854725302646422,0.8182155485741199,0.8163741293196985,0.7669951074335671,0.8335049468153625,0.7730015600492859,0.8120855854020232,0.8756196513542178,0.8119741732593745,0.7838010179087977,0.7546346766529233,0.7851908523085511,0.7090313800204113,0.7122052679881925,0.4594963233516134
0.9051124367315075,0.8779113195187659,0.8707299847963791,0.8168578048437443,0.8105572214455561,0.7934137667577805,0.8119962006106342,0.7734807801637161,0.8158590662672301,0.8768371188960672,0.8092045441829799,0.7864312883820308,0.790782290699854,0.803640058316782,0.6967438259511871,0.7081100367698819,0.4763108827491399
0.8961818316525051,0.8751024604841784,0.8499268443096608,0.8252680607764536,0.7245518784715628,0.696564686470239,0.8151443066056316,0.5938964394665615,0.8330133604265608,0.8639760623765003,0.7835936925595293,0.7860169463770588,0.7531905672654325,0.7903366744530789,0.7174409525400787,0.6502820280004753,0.2748793403383504
0.9165430667951121,0.8786763000454453,0.8798281435890618,0.8113810623184314,0.8213476819971073,0.7873552618834729,0.826587276182623,0.7863062185329426,0.8068866798931261,0.8785516374330067,0.825185179341742,0.759699245835491,0.7851013314129974,0.8159295998682181,0.6870899889796984,0.722320478520267,0.5012515627688873
0.9237172611418387,0.8830146168423434,0.8744225802636889,0.8241287418524925,0.8049915044675054,0.7721560953360198,0.8322537873453555,0.7531996033409558,0.8230968534325581,0.8790614254104857,0.8296481084384946,0.8020442902826429,0.7735206454373763,0.7956736531542525,0.7152133176952281,0.7179487154941924,0.42510992154326976
0.8855647524431972,0.8301135349978794,0.8549990654479165,0.8102632073985596,0.7292462659176174,0.7340480533352628,0.7899325568166804,0.7079409216021936,0.7984435276544248,0.8597115529801792,0.7874013799123987,0.7678160894324594,0.7841098153408698,0.7797247085909786,0.7177421955937402,0.7094991339913673,0.34120017416255166
0.9218526755788521,0.8492403934769699,0.8812012301446022,0.8066437632751068,0.8187537921356635,0.7628885589464317,0.8152721723365537,0.8021017326424744,0.7851544304522753,0.8650032494770721,0.8243077244695798,0.7490658213593968,0.8056063359626116,0.8081147411791937,0.7124008702311857,0.6841617762143817,0.47936048288945343
0.891547318002144,0.8308305595969145,0.8673729311900173,0.8162099110409025,0.7429799399130446,0.7400286094626742,0.7912201471258635,0.6965920883279528,0.8118858470932193,0.8559762255649088,0.7836420201680137,0.7564139499670972,0.7183450767939417,0.763257237077273,0.7148278015985179,0.5753496949713652,0.3865968425198121
0.9113078395708117,0.8772533648524627,0.8761304946673283,0.8185325583101553,0.7908530615686378,0.7489009865326344,0.8014296894051778,0.7918315283465818,0.8158232807098669,0.8894663716869852,0.807043518531029,0.7846103229706993,0.7783515786441819,0.7831249319130555,0.7206599881942801,0.7193113745534754,0.47658312261617863
0.887514668190155,0.8842052537266708,0.8598398406832723,0.7997308533571577,0.7414017516247431,0.7395798582710053,0.7970504021874678,0.7152997561601361,0.8098727730675148,0.8840779969995447,0.7871081368825579,0.7600356801664119,0.5858997185393237,0.7811425566751795,0.7086078137069617,0.6155279483989815,0.4536324194663803
0.9157367540785982,0.824849154702324,0.846683498290729,0.7986268638437862,0.7622518991248921,0.7121448747699608,0.7989404794046655,0.7588433709081712,0.7911127476255739,0.815370862613263,0.7621067202188885,0.7478937111215369,0.7904891818544355,0.7700238487584357,0.7203213829916373,0.6820652150745067,0.24841118241714935
0.9256496930969487,0.85031902508385,0.8670209674327074,0.785234702053595,0.7765912889044291,0.7306587691917077,0.8279544157691958,0.7580054477786198,0.7679147469858609,0.8802599419091697,0.8150509514312725,0.7476110153243085,0.7721441645853306,0.7757853926625424,0.663935041759238,0.6745827962946637,0.47798743940961763
0.9140294681222605,0.8560053578973921,0.8858963910091674,0.8275467018986027,0.8231218974918815,0.80324350030613,0.8066498658779883,0.7949887895988338,0.7313116503316538,0.7850959251410476,0.7862930304902316,0.758076092038492,0.7903921149858507,0.7999034368535827,0.7278059300635175,0.6381551335926409,0.28204954214493083
0.895665322419415,0.8549950359036899,0.8620815302157568,0.8174719894419153,0.7394496393153773,0.7612798956830227,0.7968665825172804,0.7650864237805151,0.7998070772348771,0.8775180771794544,0.7903914313003833,0.77894736577607,0.7060931883824078,0.7566319556733676,0.7239187256916086,0.728984999201308,0.39590604084167014
0.907070369583668,0.8590013799284388,0.8839713918989828,0.8263732053875696,0.8210064514733499,0.7871744867991516,0.8091389967560898,0.7666855912299286,0.822087350561064,0.8620287471970456,0.8185413062397777,0.7999999974683544,0.7904489001137557,0.8071604637450285,0.7245372483692967,0.6990159460501664,0.4510210805362569
0.9148176483923893,0.8140568212435495,0.8859335735891648,0.8040020578889804,0.8104547400708184,0.7176589759418872,0.8201767945031643,0.7498437120208733,0.734287038978078,0.7669462060039269,0.7861395416857184,0.7541199711466052,0.7925211081774807,0.7675955970671398,0.6948910409750242,0.5864476361952868,0.14563918424392167
0.9172043788665981,0.814483000344868,0.8804575228235094,0.7947890602232298,0.8072120948659509,0.7674324814337246,0.7890321374733009,0.7806848094809544,0.7787772826215945,0.85102569350584,0.7916123703839746,0.7421422009699657,0.7734634131249495,0.8054627669392997,0.6879084215996154,0.4203389816259695,0.36704360085633625
0.9143182568037773,0.8802033646643884,0.8831411706684369,0.8300747645814008,0.7958061129844725,0.7953807668472211,0.82518534547588,0.7675186880552233,0.8290414386420617,0.8742831740765109,0.8111674722390821,0.7822439679054737,0.7612592899841293,0.8098645216692104,0.7296611612444244,0.7214814788093278,0.35833640968296115
0.918202932044164,0.8792351383478962,0.8861869973929,0.8141065586371401,0.8172521189640518,0.7466431847859862,0.8294602850767276,0.7358081246575701,0.8203919480848829,0.8748982926229667,0.7886249776061167,0.8142076474924602,0.7812687596932785,0.7971373410320141,0.7126589972424892,0.7386091101794823,0.3631633392553072
0.8896425296260967,0.8695545254758903,0.8591180601740394,0.801702579912505,0.6886269668222715,0.706979576958155,0.7968158644463346,0.6361104469549803,0.7033446799754648,0.8861366654104281,0.8181052484577372,0.7947548438005848,0.6380832266378733,0.7977364863455172,0.6992188812851952,0.627946126184214,0.4496980171472823
0.8989353835393066,0.887991077063987,0.8430791108462481,0.8201426807186154,0.7277099310812993,0.8096102518010307,0.8217112264749292,0.7868795287495436,0.8359888096959069,0.8754392308697327,0.8104532327627627,0.7766179513687614,0.7558849155277139,0.7923105706363607,0.6956203457993049,0.7190684107748602,0.48606705399437766
0.9110112193635546,0.8888598915840877,0.8828176166084489,0.8231469440983765,0.8129313066379957,0.7904494022528457,0.8291456603691207,0.7973368825636582,0.8444714101203452,0.8800787175230039,0.8033519357511691,0.7701513524457889,0.6847851319749475,0.7700824967552475,0.7309031177541856,0.721420641060227,0.4107150095655122
0.9148208763566428,0.8522637626675441,0.8787283767572069,0.8189089712749056,0.815858325153964,0.7789002107333377,0.8348237207278362,0.7813279890719476,0.8287185941890136,0.8838701523884065,0.8312421174343239,0.7792848311366065,0.7610286415199067,0.7973645129734264,0.7109427562243739,0.6556714888735392,0.5079197483863989
0.9077481399187537,0.8530472146312852,0.872563574221008,0.8151681154311534,0.7485392350724318,0.7360052839738398,0.8218549624764615,0.7232994492168057,0.780877070618349,0.8478571610083021,0.7822811494155913,0.7806324084959406,0.7683592944196657,0.7577774712600998,0.7214501561415345,0.6921620572049902,0.20526310783793217
0.9197568827249815,0.8628633576266536,0.8716343773025175,0.8231508618779857,0.7904495556228407,0.7605421041689429,0.8355104530026821,0.7763726305209975,0.7993602651721288,0.7928851882330399,0.807805512375414,0.7775423701357966,0.7904489001137557,0.7793410198269096,0.7189126458273747,0.6325616107820701,0.33754724557981897
0.9177192216685324,0.8514535533701892,0.8739689051667562,0.8019488728292274,0.7936762881119255,0.7325102429078539,0.8134418826475892,0.7672061992575867,0.7821080241724527,0.8572393622547736,0.8108651864226362,0.7942215062785826,0.7765273296291654,0.7750682348200666,0.6990862686452448,0.6935866955915015,0.41292358825852354
0.9173259275177085,0.8563975716793041,0.8848190232255588,0.8248460990430742,0.8221540485887525,0.7980432415846568,0.8147366069529629,0.7903918045105547,0.8338021826596169,0.8873251837451126,0.8119463792815568,0.7504267642525545,0.7530329273114539,0.8047595033827992,0.7321812087654636,0.7054817817314205,0.44280659606907874
0.9298288764661743,0.821876546308616,0.8898910687819259,0.8022307389024177,0.8147532377246556,0.7686599001567873,0.8061215315568855,0.7005175298645989,0.780237623685333,0.8326412074287308,0.8072741844486169,0.7747196711698278,0.7883270022220128,0.7659012979253288,0.710141686054397,0.6407322630025466,0.33850039978376506
0.9138206807667338,0.8296171922085599,0.8728406113880328,0.8088467694020793,0.7506626805158894,0.7245317898578072,0.812330675161502,0.6950082819000748,0.676794628925516,0.817320555052226,0.7784958314110166,0.7273373596610829,0.7414424095986171,0.734691055675843,0.7231166044726145,0.6951048926744584,0.3719833232233407
0.913733811203312,0.8811455212017993,0.8843389859211713,0.8248762492522554,0.832261129581102,0.7645748410692397,0.8087836085347551,0.7656354169714877,0.8298923766963411,0.8737949500710414,0.7885793475914551,0.7918918892165814,0.7921697753527813,0.793092995280712,0.7141572033717694,0.7151162764712344,0.4424201479875699
0.8973777800694016,0.8627782223025091,0.8365816653934313,0.8251974599528851,0.6900852819892489,0.7797456069748214,0.7707399268639914,0.7238274330239325,0.8189765312415973,0.8667008920179834,0.782828116615419,0.7920665361738114,0.8043520481749523,0.7828741078881684,0.7265088702036899,0.6896551700823016,0.34243537441559674
0.9036400996433949,0.8723136942894741,0.8631899462793247,0.8024305027173064,0.7250457865967521,0.7191862158196117,0.821873708390614,0.7317246550962819,0.805287721615219,0.8911309219942061,0.8086722906815593,0.7776280297249729,0.799184126090888,0.7921368057745134,0.6855883256251218,0.6918701883845092,0.48799775406080204
0.8900112438683137,0.8124637037127911,0.8827249148454991,0.8095803145308536,0.7494104358943449,0.7282839379121533,0.814123071658353,0.7311015437885722,0.7524397994309565,0.8682986677975806,0.81020027579375,0.7984005304951665,0.6901473280613551,0.7525584008024261,0.7136994922416366,0.7098106688130441,0.3652662666793188
0.8995998412164101,0.8529121536026727,0.8812118827636943,0.8107902622898133,0.7855560459406484,0.7459043558766715,0.7882344573958265,0.7751310505040493,0.7562072683295082,0.7436001177131257,0.7731153135920801,0.7189153415379783,0.7648466374486695,0.7944923612391424,0.7130118282032099,0.5623043188406252,0.3097513559233235
0.9249811913937983,0.8707361286884505,0.9034795748919362,0.8273772646211774,0.8311811707161433,0.7863291688770763,0.8204685682066915,0.7847400793598012,0.809364556455054,0.8387901571225055,0.8020166012178067,0.7725631741062701,0.7729468582798849,0.7870151314607347,0.7219700685299761,0.6982578372883002,0.3782920841939262
0.909504899830685,0.8713904798769647,0.8819839839843466,0.8243054836943927,0.8153581746724647,0.789215445840461,0.812602509881575,0.7827471390162494,0.8324392955223037,0.8824778656216853,0.7860549590513342,0.7146189707829744,0.699469366378511,0.7774708704054247,0.7366900430136719,0.6824644524882812,0.4250538675959321
